{
  "_description": "Rules for classifying city_changed events into subtypes. Evaluated in order; first match wins. Rule types: 'mojibake' detects encoding corruption, 'accent_strip' detects clean accent removal, 'punctuation' detects trailing periods/dots, 'spacing' detects hyphen-vs-space, 'abbreviation' detects St/Saint etc expansions, 'boundary' detects known municipal boundary flip-flops, 'rename' detects known official city renames. Anything unmatched defaults to 'substantive'.",
  "_subtypes": {
    "encoding": "Mojibake/encoding corruption (é→ã, î→Ã, etc.)",
    "accent_normalization": "Clean accent stripping (é→e, è→e, etc.)",
    "punctuation": "Trailing period removal or punctuation-only change",
    "spacing": "Hyphen-vs-space or whitespace normalization",
    "abbreviation": "St↔Saint, Ste↔Sainte, Mt↔Mount expansion/contraction",
    "boundary": "Known municipal boundary reassignment (postal code flips between adjacent cities)",
    "rename": "Official municipal rename",
    "substantive": "Genuine city change not matching any technical pattern"
  },
  "known_renames": [
    {"old": "Asbestos", "new": "Val-Des-Sources", "year": 2020, "note": "Town renamed after asbestos mine closure"},
    {"old": "Byward Market", "new": "Ottawa", "year": 2022, "note": "Neighbourhood absorbed into city name"}
  ],
  "known_boundary_pairs": [
    {"cities": ["Victoria", "Langford"], "province": "BC", "note": "Greater Victoria municipal boundaries"},
    {"cities": ["Victoria", "Esquimalt"], "province": "BC", "note": "Greater Victoria municipal boundaries"},
    {"cities": ["Victoria", "Saanichton"], "province": "BC", "note": "Greater Victoria municipal boundaries"},
    {"cities": ["Victoria", "View Royal"], "province": "BC", "note": "Greater Victoria municipal boundaries"},
    {"cities": ["Duncan", "North Cowichan"], "province": "BC", "note": "Cowichan Valley boundary"},
    {"cities": ["Windsor", "Tecumseh"], "province": "ON", "note": "Essex County boundaries"},
    {"cities": ["Windsor", "Lasalle"], "province": "ON", "note": "Essex County boundaries"},
    {"cities": ["Shawinigan", "Grand-Mere"], "province": "QC", "note": "Shawinigan deamalgamation/boundary"},
    {"cities": ["Shawinigan", "Shawinigan-Sud"], "province": "QC", "note": "Shawinigan deamalgamation/boundary"},
    {"cities": ["Shawinigan", "Saint-Georges-De-Champlain"], "province": "QC", "note": "Shawinigan deamalgamation"},
    {"cities": ["Shawinigan", "Saint-Gerard-Des-Laurentides"], "province": "QC", "note": "Shawinigan deamalgamation"},
    {"cities": ["Truro", "Bible Hill"], "province": "NS", "note": "Truro area boundaries"},
    {"cities": ["Truro", "Salmon River"], "province": "NS", "note": "Truro area boundaries"},
    {"cities": ["Truro", "Valley"], "province": "NS", "note": "Truro area boundaries"},
    {"cities": ["Barrie", "Springwater"], "province": "ON", "note": "Simcoe County boundaries"},
    {"cities": ["Stouffville", "Newmarket"], "province": "ON", "note": "York Region boundaries"},
    {"cities": ["Stouffville", "Gormley"], "province": "ON", "note": "York Region boundaries"},
    {"cities": ["Stouffville", "Cedar Valley"], "province": "ON", "note": "York Region boundaries"},
    {"cities": ["Spruce Grove", "Parkland County"], "province": "AB", "note": "Parkland County boundaries"},
    {"cities": ["Halifax", "Beechville"], "province": "NS", "note": "HRM boundaries"},
    {"cities": ["Halifax", "Lucasville"], "province": "NS", "note": "HRM boundaries"},
    {"cities": ["Halifax", "Hammonds Plains"], "province": "NS", "note": "HRM boundaries"},
    {"cities": ["Medicine Hat", "Cypress County"], "province": "AB", "note": "SE Alberta boundaries"},
    {"cities": ["Stittsville", "Kanata"], "province": "ON", "note": "Ottawa suburb boundaries"},
    {"cities": ["Pickering", "Claremont"], "province": "ON", "note": "Durham Region boundaries"},
    {"cities": ["Cochrane", "Rocky View County"], "province": "AB", "note": "Rocky View boundaries"},
    {"cities": ["Calgary", "Rocky View County"], "province": "AB", "note": "Rocky View boundaries"},
    {"cities": ["St. Albert", "Sturgeon County"], "province": "AB", "note": "Sturgeon County boundaries"},
    {"cities": ["Beaumont", "Leduc County"], "province": "AB", "note": "Leduc County boundaries"},
    {"cities": ["Grande Prairie", "County Of Grande Prairie No. 1"], "province": "AB", "note": "Grande Prairie area"},
    {"cities": ["Clairmont", "County Of Grande Prairie No. 1"], "province": "AB", "note": "Grande Prairie area"},
    {"cities": ["Drayton Valley", "Brazeau County"], "province": "AB", "note": "Brazeau County boundaries"},
    {"cities": ["Red Deer", "Red Deer County"], "province": "AB", "note": "Red Deer area boundaries"},
    {"cities": ["Dawson Creek", "Peace River Regional District"], "province": "BC", "note": "Peace River boundaries"},
    {"cities": ["Vaudreuil-Dorion", "Pincourt"], "province": "QC", "note": "Vaudreuil-Soulanges boundaries"},
    {"cities": ["Sainte-Agathe-Des-Monts", "Sainte-Agathe-Nord"], "province": "QC", "note": "Laurentians boundaries"},
    {"cities": ["Montreal", "Pointe-Aux-Trembles"], "province": "QC", "note": "Montreal borough boundaries"},
    {"cities": ["Montreal-Nord", "Saint-Leonard"], "province": "QC", "note": "Montreal borough boundaries"},
    {"cities": ["Laval", "Sainte-Rose"], "province": "QC", "note": "Laval sector boundaries"},
    {"cities": ["Heritage Pointe", "Foothills"], "province": "AB", "note": "Foothills County boundaries"},
    {"cities": ["Batchewana First Nation", "Sault Ste. Marie"], "province": "ON", "note": "Sault Ste. Marie area"},
    {"cities": ["Camp Creek", "Lac Ste. Anne County"], "province": "AB", "note": "Lac Ste. Anne boundaries"},
    {"cities": ["Rochfort Bridge", "Lac Ste. Anne County"], "province": "AB", "note": "Lac Ste. Anne boundaries"},
    {"cities": ["Saint-Sulpice", "L'Assomption"], "province": "QC", "note": "Lanaudière boundaries"},
    {"cities": ["Denholm", "Val-Des-Monts"], "province": "QC", "note": "Outaouais boundaries"},
    {"cities": ["Atholville", "Val-D'Amour"], "province": "NB", "note": "Restigouche boundaries"},
    {"cities": ["Bois-Franc", "Egan"], "province": "QC", "note": "Outaouais boundaries"},
    {"cities": ["Danville", "Asbestos"], "province": "QC", "note": "Sources boundaries (pre-rename)"},
    {"cities": ["Danville", "Val-Des-Sources"], "province": "QC", "note": "Sources boundaries"},
    {"cities": ["Windsor", "Val-Joli"], "province": "QC", "note": "Estrie boundaries"},
    {"cities": ["Windsor", "Saint-Claude"], "province": "QC", "note": "Estrie boundaries"},
    {"cities": ["Pierrefonds", "Dollard-Des-Ormeaux"], "province": "QC", "note": "West Island boundaries"},
    {"cities": ["Lachine", "Montreal"], "province": "QC", "note": "Montreal borough boundaries"},
    {"cities": ["Saint-Joseph-De-Lepage", "Mont-Joli"], "province": "QC", "note": "Bas-Saint-Laurent boundaries"},
    {"cities": ["Sainte-Dorothee", "Laval"], "province": "QC", "note": "Laval sector"},
    {"cities": ["Sainte-Brigitte-De-Laval", "Quebec"], "province": "QC", "note": "Quebec City area"},
    {"cities": ["Lac-Delage", "Quebec"], "province": "QC", "note": "Quebec City area"},
    {"cities": ["Lac-Beauport", "Quebec"], "province": "QC", "note": "Quebec City area"},
    {"cities": ["Gloucester", "Orleans"], "province": "ON", "note": "Ottawa area boundaries"},
    {"cities": ["Maliotenam", "Sept-Iles"], "province": "QC", "note": "Sept-Îles area"},
    {"cities": ["Alouette", "Jonquiere"], "province": "QC", "note": "Saguenay area"}
  ],
  "abbreviation_patterns": [
    {"short": "St ", "long": "Saint ", "note": "English Saint abbreviation"},
    {"short": "St-", "long": "Saint-", "note": "French Saint abbreviation"},
    {"short": "Ste ", "long": "Sainte ", "note": "English Sainte abbreviation"},
    {"short": "Ste-", "long": "Sainte-", "note": "French Sainte abbreviation"},
    {"short": "Mt ", "long": "Mount ", "note": "Mount abbreviation"},
    {"short": "Ft ", "long": "Fort ", "note": "Fort abbreviation"}
  ]
}
